﻿file_name,is_time_series,y_target_col,window
2012_Industry_Data_by_Industry_and_StatenoNa,0,target_col,4
2012_Retail_Sales_by_Store_Type_within_Product_Category,0,Sales,4
2016_all_counties_simp,0,total_annual_wages,4
Big_Mac_Index_transposed,1,var1(t),4
Brent_Oil_Futures_Historical_DatanoNa,1,var1(t),4
BSE_30_ADANIPORTSnoNa,1,var1(t),4
BSE_30_ASIANPAINTnoNa,1,var1(t),4
BSE_30_AXISBANKnoNa,1,var1(t),4
BSE_30_BAJAJ-AUTOnoNa,1,var1(t),4
BSE_30_BHARTIARTLnoNa,1,var1(t),4
BSE_30_COALINDIAnoNa,1,var1(t),4
BSE_30_DRREDDYnoNa,1,var1(t),4
BSE_30_HDFCBANKnoNa,1,var1(t),4
BSE_30_HDFCnoNa,1,var1(t),4
BSE_30_HEROMOTOCOnoNa,1,var1(t),4
BSE_30_HINDUNILVRnoNa,1,var1(t),4
BSE_30_ICICIBANKnoNa,1,var1(t),4
BSE_30_INDUSINDBKnoNa,1,var1(t),4
BSE_30_INFYnoNa,1,var1(t),4
BSE_30_ITCnoNa,1,var1(t),4
BSE_30_KOTAKBANKnoNa,1,var1(t),4
BSE_30_LTnoNa,1,var1(t),4
BSE_30_M&MnoNa,1,var1(t),4
BSE_30_MARUTInoNa,1,var1(t),4
BSE_30_ONGCnoNa,1,var1(t),4
BSE_30_POWERGRIDnoNa,1,var1(t),4
BSE_30_RELIANCEnoNa,1,var1(t),4
BSE_30_SBINnoNa,1,var1(t),4
BSE_30_SUNPHARMAnoNa,1,var1(t),4
BSE_30_TATAMOTORSnoNa,1,var1(t),4
BSE_30_TATAMTRDVRnoNa,1,var1(t),4
BSE_30_TATASTEELnoNa,1,var1(t),4
BSE_30_TCSnoNa,1,var1(t),4
BSE_30_WIPROnoNa,1,var1(t),4
BSE_30_YESBANKnoNa,1,var1(t),4
crecimiento_economiconoNa,0,Ingresos,4
Crude_Oil_WTI_Futures_Historical_DatanoNa,1,var1(t),4
crypto_BNB_USDnoNa,1,var1(t),4
crypto_Cardano_USDnoNa,1,var1(t),4
crypto_Dogecoin_USDnoNa,1,var1(t),4
crypto_Ethereum_USDnoNa,1,var1(t),4
crypto_Litecoin_USDnoNa,1,var1(t),4
crypto_Polkadot_USDnoNa,1,var1(t),4
crypto_TRON_USDnoNa,1,var1(t),4
crypto_XRP_USDnoNa,1,var1(t),4
Dow_Jones_Industrial_Average_Historical_DatanoNa,1,var1(t),4
ecb_fx_usd_quote_csv_1,1,var1(t),4
EF_GDP(constant2010USD),0,GDPDelta_P,4
EUR_USD_Historical_DatanoNa,1,var1(t),4
exchange_ratenoNa,1,var1(t),4
Exchange_Rate_ReportnoNa,1,var1(t),4
FD__timeSeries,1,var1(t),4
GCFnoNa,1,var1(t),4
GENDER_EQUALITY_timeSeriesnoNa,1,var1(t),4
Gold-Au99_95,1,var1(t),4
Gold_Futures_Historical_DatanoNa,1,var1(t),4
gold_price_china,1,var1(t),4
indianEco,1,var1(t),4
loan_trainnoNa,0,Loan_Amount,4
ltprojections,0,Projection,4
median_london_prices,1,var1(t),4
phl-cityandmunicipallevelpovertyestimates-csv-1noNa,0,Pov_2012,4
stock_fundamental_data_nifty500,0,Sales_Turnover__Full_Year_Net_Sales,4
UBER,1,var1(t),4
WFC,1,var1(t),4
WGI_csv_WGI_DatanoNa,1,var1(t),4
World_Commodity_Exporters_(WCED)_timeSeriesnoNa,1,var1(t),4
